	0
고백	장범준
Permission to Dance	방탄소년단
Weekend	태연 (TAEYEON)
좋아좋아	조정석
Next Level	aespa
바라만 본다	MSG워너비(M.O.M)
신호등	이무진
Butter	방탄소년단
넌 좋은 사람	SG워너비
하루만 더	빅마마(Big Mama)
Bad Habits	Ed Sheeran(에드 시런)
뚫고 지나가요	DAY6 (Even of Day)
난 너를 사랑해	MSG워너비
치맛바람 (Chi Mat Ba Ram)	브레이브걸스(Brave Girls)
지금 말해볼게요 (낮에 뜨는 달 X 거미)	거미
Dun Dun Dance	오마이걸(OH MY GIRL)
Alcohol-Free	TWICE (트와이스)
OHAYO MY NIGHT	디핵(D-Hack)
밤이 되니까	원슈타인
안녕 (Hello)	조이 (JOY)
Stay	The Kid LAROI
한여름밤의 꿀 : 다시 여름	San E(산이)
ASAP	STAYC(스테이씨)
나를 아는 사람	MSG워너비(정상동기)
상상더하기	MSG워너비 TOP 8 (별루지, 김정수, 강창모, 정기석, 이동휘, 이상이, 박재정, 원슈타인)
비 오는 날 듣기 좋은 노래 (Feat. Colde)	에픽하이 (EPIK HIGH)
비와 당신	이무진
Peaches (feat. Daniel Caesar, Giveon)	Justin Bieber(저스틴 비버)
나비가 날았습니다	김민석 (멜로망스)
나는 너 좋아	장범준
롤린 (Rollin')	브레이브걸스(Brave Girls)
다정히 내 이름을 부르면	경서예지
가을 우체국 앞에서	김대명
러브 (Prod. 로코베리)	로꼬
다시 사랑할 수 있을까	백지영
추적이는 여름 비가 되어	장범준
헤픈 우연	헤이즈(Heize)
Timeless	SG워너비
Kiss Me More (feat. SZA)	Doja Cat(도자 캣)
라일락	아이유(IU)
Leave The Door Open	Bruno Mars(브루노 마스)
Dynamite	방탄소년단
WE GO	프로미스나인
내 입술 따뜻한 커피처럼	청하
Life Goes On	방탄소년단
Black Mamba	aespa
Leave Before You Love Me	Marshmello(마시멜로)
Loving You Girl (feat. Hkeem)	Peder Elias
마.피.아. In the morning	ITZY (있지)
해야 해	2PM
흔들리는 꽃들 속에서 네 샴푸향이 느껴진거야	장범준
아로아로	라붐(LABOUM)
벌써 일년	브라운 아이즈(Brown Eyes)
Hello Future	NCT DREAM
허리춤	오반 (OVAN)
운전만해 (We Ride)	브레이브걸스(Brave Girls)
내사람: Partner For Life	SG워너비
Off My Face	Justin Bieber(저스틴 비버)
Celebrity	아이유(IU)
잡아줄게 (Prod. GroovyRoom)	ASH ISLAND
Way Back Home (2021)	런치
Dolphin	오마이걸(OH MY GIRL)
삠삠 (BEAM BEAM)	전소연
Blueming	아이유(IU)
어떻게 이별까지 사랑하겠어, 널 사랑하는 거지	AKMU (악동뮤지션)
우리집	2PM
어푸 (Ah puh)	아이유(IU)
사랑하지 말걸 그랬나 봐요	딘딘 (DINDIN)
Lovesick Girls	BLACKPINK
라라라	SG워너비
사이렌 Remix (Feat. UNEDUCATED KID, Paul Blanco)	호미들
Tiny Riot	Sam Ryder
멜로디	ASH ISLAND
Savage Love (Laxed - Siren Beat) (BTS Remix)	Jawsh 685
좋을텐데 (If Only) (Feat. 폴킴)	조이 (JOY)
Ashes	Stellar
작은 것들을 위한 시 (Boy With Luv) (Feat. Halsey)	방탄소년단
내 손을 잡아	아이유(IU)
Coin	아이유(IU)
밝게 빛나는 별이 되어 비춰줄게	송이한
On The Ground	로제(ROSÉ)
2002	Anne-Marie(앤 마리)
parachute	John K
오르막길	정인
Beautiful Mistakes	Maroon 5(마룬 파이브)
모든 날, 모든 순간 (Every day, Every Moment)	폴킴(Paul Kim)
에잇(Prod.&Feat. SUGA of BTS)	아이유(IU)
서울의 잠 못 이루는 밤 (Feat. 이수현)	10CM
Save Your Tears (Remix)	The Weeknd(위켄드)
LOVE DAY (2021) (바른연애 길잡이 X 양요섭, 정은지)	양요섭
Ready to love	세븐틴(SEVENTEEN)
과제곡 (교수님 죄송합니다)	이무진
잠이 오질 않네요	장범준
해바라기	SG워너비
At My Worst	Pink Sweat$
우리의 노래	SG워너비
밤하늘의 별을(2020)	경서
밤편지	아이유(IU)
12:45 (Stripped)	Etham
